<?xml version="1.0" encoding="UTF-8" standalone="no"?>
<!--WARNING: DO NOT EDIT THIS FILE. THIS FILE IS MANAGED BY SPRING ROO.-->
<database name="deprecated" package="it.polito.ai.gas.business">
    <option key="moduleName" value=""/>
    <option key="activeRecord" value="true"/>
    <option key="includeNonPortableAttributes" value="false"/>
    <option key="testAutomatically" value="false"/>
    <table name="delivery_withdrawal">
        <column name="id" primaryKey="true" required="true" scale="0" size="10" type="4,INT"/>
        <column name="order" primaryKey="false" required="true" scale="0" size="10" type="4,INT"/>
        <column name="delivery_date" primaryKey="false" required="false" scale="0" size="10" type="91,DATE"/>
        <column name="withdrawal_date" primaryKey="false" required="false" scale="0" size="10" type="91,DATE"/>
        <column name="collector" primaryKey="false" required="false" scale="0" size="10" type="4,INT"/>
        <unique name="PRIMARY">
            <unique-column name="id"/>
        </unique>
        <index name="FKB14A75E060C1FB5F">
            <index-column name="collector"/>
        </index>
        <index name="order_idx">
            <index-column name="order"/>
        </index>
        <index name="collector_idx">
            <index-column name="collector"/>
        </index>
    </table>
    <table name="message">
        <column name="date" primaryKey="true" required="true" scale="0" size="10" type="91,DATE"/>
        <column name="user" primaryKey="true" required="true" scale="0" size="20" type="12,VARCHAR"/>
        <column name="order" primaryKey="true" required="true" scale="0" size="10" type="4,INT"/>
        <column name="text" primaryKey="false" required="false" scale="0" size="255" type="12,VARCHAR"/>
        <foreign-key foreignTable="proposal" name="fk_order" onDelete="none" onUpdate="none">
            <option key="exported" value="false"/>
            <reference foreign="id" local="order"/>
        </foreign-key>
        <foreign-key foreignTable="user" name="fk_user" onDelete="none" onUpdate="none">
            <option key="exported" value="false"/>
            <reference foreign="id" local="user"/>
        </foreign-key>
        <unique name="PRIMARY">
            <unique-column name="date"/>
            <unique-column name="user"/>
            <unique-column name="order"/>
        </unique>
        <index name="fk_user_idx">
            <index-column name="user"/>
        </index>
        <index name="fk_order_idx">
            <index-column name="order"/>
        </index>
    </table>
    <table name="producer_info">
        <column name="id" primaryKey="true" required="true" scale="0" size="10" type="4,INT"/>
        <column name="company_name" primaryKey="false" required="false" scale="0" size="40" type="12,VARCHAR"/>
        <column name="description" primaryKey="false" required="false" scale="0" size="40" type="12,VARCHAR"/>
        <column name="contact" primaryKey="false" required="false" scale="0" size="20" type="12,VARCHAR"/>
        <column name="address" primaryKey="false" required="false" scale="0" size="40" type="12,VARCHAR"/>
        <column name="phone_number" primaryKey="false" required="false" scale="0" size="15" type="12,VARCHAR"/>
        <column name="fax_number" primaryKey="false" required="false" scale="0" size="15" type="12,VARCHAR"/>
        <column name="email" primaryKey="false" required="false" scale="0" size="30" type="12,VARCHAR"/>
        <column name="delegate" primaryKey="false" required="true" scale="0" size="10" type="4,INT"/>
        <column name="payment_mode" primaryKey="false" required="false" scale="0" size="20" type="12,VARCHAR"/>
        <unique name="PRIMARY">
            <unique-column name="id"/>
        </unique>
        <index name="FK586D393B3F42C404">
            <index-column name="delegate"/>
        </index>
        <index name="FK586D393B21540C57">
            <index-column name="delegate"/>
        </index>
        <index name="fk_producer_info_users1_idx">
            <index-column name="delegate"/>
        </index>
    </table>
    <table name="product">
        <column name="id" primaryKey="true" required="true" scale="0" size="10" type="4,INT"/>
        <column name="name" primaryKey="false" required="true" scale="0" size="30" type="12,VARCHAR"/>
        <column name="cost" primaryKey="false" required="true" scale="0" size="12" type="7,FLOAT"/>
        <column name="units" primaryKey="false" required="true" scale="0" size="20" type="12,VARCHAR"/>
        <column name="quantity" primaryKey="false" required="true" scale="0" size="12" type="7,FLOAT"/>
        <column name="producer" primaryKey="false" required="true" scale="0" size="10" type="4,INT"/>
        <column name="description" primaryKey="false" required="true" scale="0" size="50" type="12,VARCHAR"/>
        <column name="dimensions" primaryKey="false" required="true" scale="0" size="10" type="12,VARCHAR"/>
        <column name="transport_cost" primaryKey="false" required="true" scale="0" size="12" type="7,FLOAT"/>
        <column name="stock_quantity" primaryKey="false" required="true" scale="0" size="12" type="7,FLOAT"/>
        <column name="min_to_buy_order" primaryKey="false" required="false" scale="0" size="12" type="7,FLOAT"/>
        <column name="min_to_buy_user" primaryKey="false" required="true" scale="0" size="12" type="7,FLOAT"/>
        <column name="max_to_buy_user" primaryKey="false" required="true" scale="0" size="12" type="7,FLOAT"/>
        <column name="available_from" primaryKey="false" required="false" scale="0" size="10" type="91,DATE"/>
        <column name="available_to" primaryKey="false" required="false" scale="0" size="10" type="91,DATE"/>
        <unique name="PRIMARY">
            <unique-column name="id"/>
        </unique>
        <index name="FKC42BD16457C99462">
            <index-column name="producer"/>
        </index>
        <index name="FKC42BD164D298B611">
            <index-column name="producer"/>
        </index>
        <index name="FKC42BD164B4A9FE64">
            <index-column name="producer"/>
        </index>
        <index name="fk_products_users_idx">
            <index-column name="producer"/>
        </index>
    </table>
    <table name="proposal">
        <column name="id" primaryKey="true" required="true" scale="0" size="10" type="4,INT"/>
        <column name="product" primaryKey="false" required="true" scale="0" size="10" type="4,INT"/>
        <column name="start_date" primaryKey="false" required="true" scale="0" size="10" type="91,DATE"/>
        <column name="end_date" primaryKey="false" required="true" scale="0" size="10" type="91,DATE"/>
        <column name="min_reached" primaryKey="false" required="true" scale="0" size="0" type="-7,BIT"/>
        <foreign-key foreignTable="message" name="fk_order" onDelete="none" onUpdate="none">
            <option key="exported" value="true"/>
            <reference foreign="order" local="id"/>
        </foreign-key>
        <unique name="PRIMARY">
            <unique-column name="id"/>
        </unique>
        <index name="FKC3DF62E54FECA577">
            <index-column name="product"/>
        </index>
        <index name="fk_orders_products1_idx">
            <index-column name="product"/>
        </index>
    </table>
    <table name="purchase_request">
        <column name="id" primaryKey="true" required="true" scale="0" size="10" type="4,INT"/>
        <column name="order" primaryKey="false" required="true" scale="0" size="10" type="4,INT"/>
        <column name="acquirer" primaryKey="false" required="true" scale="0" size="10" type="4,INT"/>
        <column name="quantity" primaryKey="false" required="true" scale="0" size="12" type="7,FLOAT"/>
        <column name="received" primaryKey="false" required="false" scale="0" size="0" type="-7,BIT"/>
        <unique name="PRIMARY">
            <unique-column name="id"/>
        </unique>
        <index name="FKC307E7E3894EE92E">
            <index-column name="acquirer"/>
        </index>
        <index name="fk_purchase_orders_orders1_idx">
            <index-column name="order"/>
        </index>
        <index name="diobono_idx">
            <index-column name="acquirer"/>
        </index>
    </table>
    <table name="user">
        <column name="id" primaryKey="true" required="true" scale="0" size="10" type="4,INT"/>
        <column name="username" primaryKey="false" required="true" scale="0" size="45" type="12,VARCHAR"/>
        <column name="password" primaryKey="false" required="true" scale="0" size="32" type="12,VARCHAR"/>
        <column name="role" primaryKey="false" required="true" scale="0" size="10" type="4,INT"/>
        <column name="name" primaryKey="false" required="true" scale="0" size="20" type="12,VARCHAR"/>
        <column name="surname" primaryKey="false" required="true" scale="0" size="20" type="12,VARCHAR"/>
        <column name="birth_date" primaryKey="false" required="true" scale="0" size="10" type="91,DATE"/>
        <column name="producer_info" primaryKey="false" required="false" scale="0" size="10" type="4,INT"/>
        <column name="approved" primaryKey="false" required="false" scale="0" size="0" type="-7,BIT"/>
        <foreign-key foreignTable="message" name="fk_user" onDelete="none" onUpdate="none">
            <option key="exported" value="true"/>
            <reference foreign="user" local="id"/>
        </foreign-key>
        <unique name="PRIMARY">
            <unique-column name="id"/>
        </unique>
        <index name="FK6A68E0899FFCF4F">
            <index-column name="producer_info"/>
        </index>
        <index name="FK6A68E082C7914A2">
            <index-column name="producer_info"/>
        </index>
        <index name="producer info_idx">
            <index-column name="producer_info"/>
        </index>
    </table>
</database>
