<?xml version="1.0" encoding="UTF-8"?>
<beans:beans xmlns="http://www.springframework.org/schema/security" 
    xmlns:beans="http://www.springframework.org/schema/beans" 
    xmlns:xsi="http://www.w3.org/2001/XMLSchema-instance" 
    xsi:schemaLocation="http://www.springframework.org/schema/beans http://www.springframework.org/schema/beans/spring-beans-3.1.xsd
        http://www.springframework.org/schema/security http://www.springframework.org/schema/security/spring-security-3.1.xsd">
    
    
    <!-- HTTP security configurations -->
    <http auto-config="true" use-expressions="true" path-type="regex">
        <form-login login-processing-url="/resources/j_spring_security_check" login-page="/login" authentication-failure-url="/login?login_error=t" />
        <logout logout-url="/resources/j_spring_security_logout" />
        
        <!--
			PATTERN:
				{entity}?form					-> CREATE
				{entity} (method="POST")		-> CREATE	
				{entity}						-> LIST
				{entity}/{id}					-> READ
				{entity}/{id}?form				-> UPDATE
				{entity}/{id} (method="PUT")	-> UPDATE
				{entity}/{id} (method="DELETE") -> DELETE
		-->
        
        <!--
			Entity: PRODUCT
		-->
		<!-- create -->
		<intercept-url pattern="/products\?form" access="hasRole('ROLE_PRODUCER')"/>
        <intercept-url pattern="/products" method="POST" access="hasRole('ROLE_PRODUCER')"/>
        <!-- read/list -->
        <intercept-url pattern="/products/.*" method="GET" access="hasAnyRole('ROLE_PRODUCER', 'ROLE_DELEGATE', 'ROLE_ADMIN')"/>
        <!-- update -->
        <intercept-url pattern="/products/[0-9]+\?form" access="hasRole('ROLE_PRODUCER')"/>
        <intercept-url pattern="/products/[0-9]+" method="PUT" access="hasRole('ROLE_PRODUCER')"/>
        <!-- delete? -->
        
        <!--
			Entity: PROPOSAL
		-->
		<!-- create -->
		<intercept-url pattern="/proposals\?form" access="hasRole('ROLE_DELEGATE')"/>
        <intercept-url pattern="/proposals" method="POST" access="hasRole('ROLE_DELEGATE')"/>
        <!-- read/list (tutti?) -->
        <!-- update -->
        <intercept-url pattern="/proposals/[0-9]+\?form" access="hasRole('ROLE_DELEGATE')"/>
        <intercept-url pattern="/proposals/[0-9]+" method="PUT" access="hasRole('ROLE_DELEGATE')"/>
        <!-- delete -->
        <intercept-url pattern="/proposals/[0-9]+" method="DELETE" access="hasRole('ROLE_DELEGATE')"/>
        
        <!--
			Entity: PURCHASE REQUEST
		-->
		<!-- create -->
		<intercept-url pattern="/purchaserequests\?form" access="hasRole('ROLE_USER')"/>
        <intercept-url pattern="/purchaserequests" method="POST" access="hasRole('ROLE_USER')"/>
        <!-- read/list -->
        <intercept-url pattern="/purchaserequests/.*" method="GET" access="hasAnyRole('ROLE_USER', 'ROLE_DELEGATE')"/>
        <!-- update -->
        <intercept-url pattern="/purchaserequests/[0-9]+\?form" access="hasRole('ROLE_USER')"/>
        <intercept-url pattern="/purchaserequests/[0-9]+" method="PUT" access="hasRole('ROLE_USER')"/>
        <!-- delete -->
        <intercept-url pattern="/purchaserequests/[0-9]+" method="DELETE" access="hasRole('ROLE_USER')"/>
        
        <!--
			Entity: USER
		-->
		<!-- create 
		<intercept-url pattern="/users\?form" access="hasAnyRole('ROLE_USER', 'ROLE_ADMIN')"/>
        <intercept-url pattern="/users" method="POST" access="hasAnyRole('ROLE_USER', 'ROLE_ADMIN')"/> -->
        <!-- read/list -->
        <!-- update -->
        <intercept-url pattern="/users/[0-9]+\?form" access="hasAnyRole('ROLE_USER', 'ROLE_ADMIN')"/>
        <intercept-url pattern="/users/[0-9]+" method="PUT" access="hasAnyRole('ROLE_USER', 'ROLE_ADMIN')"/>
        <!-- delete -->
        <intercept-url pattern="/users/[0-9]+" method="DELETE" access="hasRole('ROLE_ADMIN')"/>
        
        
        
        <intercept-url pattern="/choices/.*" access="hasRole('ROLE_ADMIN')" />
        <intercept-url pattern="/member/.*" access="isAuthenticated()" />
        <intercept-url pattern="/resources/.*" access="permitAll" />
        <intercept-url pattern="/.*" access="permitAll" />
        <!-- Configure these elements to secure URIs in your application 
        <intercept-url pattern="/choices/**" access="hasRole('ROLE_ADMIN')" />
        <intercept-url pattern="/member/**" access="isAuthenticated()" />
        <intercept-url pattern="/resources/**" access="permitAll" />
        <intercept-url pattern="/**" access="permitAll" />
		-->
    </http>
    
    
    <!-- Configure Authentication mechanism -->
    <beans:bean id="GASAuthenticationProvider" 
      class="it.polito.ai.gas.security.GASAuthenticationProvider">
	</beans:bean>
	
    <authentication-manager alias="authenticationManager">
    	<authentication-provider ref="GASAuthenticationProvider"/>
    </authentication-manager>
</beans:beans>